{"vocab": {"terrible": 0, "highly": 1, "superb": 2, "moving": 3, "absolute": 4, "disaster": 5, "disappointing": 6, "director": 7, "clearly": 8, "idea": 9, "worst": 10, "films": 11, "sit": 12, "poorly": 13, "written": 14, "script": 15, "outstanding": 16, "performance": 17, "kept": 18, "engaged": 19, "made": 20, "sense": 21, "characters": 22, "dimensional": 23, "complete": 24, "waste": 25, "time": 26, "money": 27, "genuinely": 28, "best": 29, "movies": 30, "seen": 31, "absolutely": 32, "brilliant": 33, "masterfully": 34, "directed": 35, "special": 36, "effects": 37, "incoherent": 38, "storyline": 39, "wonderful": 40, "storytelling": 41, "excellent": 42, "character": 43, "development": 44, "screenplay": 45, "witty": 46, "clever": 47, "emotionally": 48, "resonant": 49, "beautiful": 50, "left": 51, "speechless": 52, "enjoyable": 53, "cannot": 54, "believe": 55, "received": 56, "any": 57, "positive": 58, "reviews": 59, "captivating": 60, "story": 61, "stunning": 62, "visuals": 63, "great": 64, "dialogue": 65, "remarkable": 66, "achievement": 67, "modern": 68, "cinema": 69, "recommended": 70, "dull": 71, "boring": 72, "completely": 73, "predictable": 74, "start": 75, "finish": 76, "awful": 77, "pacing": 78, "wooden": 79, "performances": 80, "forgettable": 81, "ending": 82, "incredible": 83, "direction": 84, "truly": 85, "memorable": 86, "cinematic": 87, "experience": 88, "plot": 89, "acting": 90, "ever": 91, "deeply": 92, "throughout": 93}, "idf": [2.0933739320065206, 2.0918077609737757, 2.593287522321529, 2.593287522321529, 2.540445040947149, 2.540445040947149, 2.540445040947149, 2.614176010268884, 2.614176010268884, 2.614176010268884, 2.5702980040968297, 2.5702980040968297, 2.5702980040968297, 2.581726699920453, 2.581726699920453, 2.581726699920453, 2.537997059308509, 2.537997059308509, 2.537997059308509, 2.537997059308509, 2.5715614281436023, 2.5715614281436023, 2.5715614281436023, 2.5715614281436023, 2.551535727641307, 2.551535727641307, 2.551535727641307, 2.551535727641307, 2.60498356208472, 2.60498356208472, 2.60498356208472, 2.60498356208472, 2.607601364626799, 2.607601364626799, 2.607601364626799, 2.607601364626799, 2.5453590557495778, 2.5453590557495778, 2.5453590557495778, 2.5453590557495778, 2.5868483500405075, 2.5868483500405075, 2.5868483500405075, 2.5868483500405075, 2.5868483500405075, 2.5766311474938526, 2.5766311474938526, 2.5766311474938526, 2.5766311474938526, 2.5766311474938526, 2.5728264504501888, 2.5728264504501888, 2.5728264504501888, 2.5728264504501888, 2.575361306053377, 2.575361306053377, 2.575361306053377, 2.575361306053377, 2.575361306053377, 2.575361306053377, 2.546591341795843, 2.546591341795843, 2.546591341795843, 2.546591341795843, 2.546591341795843, 2.546591341795843, 2.5652602100668727, 2.5652602100668727, 2.5652602100668727, 2.5652602100668727, 2.5652602100668727, 2.6261204123940365, 2.6261204123940365, 2.6261204123940365, 2.6261204123940365, 2.6261204123940365, 2.6261204123940365, 2.5971710223479265, 2.5971710223479265, 2.5971710223479265, 2.5971710223479265, 2.5971710223479265, 2.5971710223479265, 2.5997684264056122, 2.5997684264056122, 2.5997684264056122, 2.5997684264056122, 2.5997684264056122, 2.5997684264056122, 1.8898574748059995, 1.894985691172919, 1.894985691172919, 1.8739992293745398, 1.8671004876833832], "coefs": [-1.1998816683719193, 1.0867264129697165, 0.9278371466368814, 0.9278371466368814, -0.8828580646576899, -0.8828580646576899, -0.8828580646576899, -0.8309706454736484, -0.8309706454736484, -0.8309706454736484, -0.8291354115877195, -0.8291354115877195, -0.8291354115877195, -0.8256455583743222, -0.8256455583743222, -0.8256455583743222, 0.80910179019976, 0.80910179019976, 0.80910179019976, 0.80910179019976, -0.8072320187389602, -0.8072320187389602, -0.8072320187389602, -0.8072320187389602, -0.7996223141756085, -0.7996223141756085, -0.7996223141756085, -0.7996223141756085, 0.7735366626595941, 0.7735366626595941, 0.7735366626595941, 0.7735366626595941, 0.7697900623675878, 0.7697900623675878, 0.7697900623675878, 0.7697900623675878, -0.7440927278198458, -0.7440927278198458, -0.7440927278198458, -0.7440927278198458, 0.7368909845121634, 0.7368909845121634, 0.7368909845121634, 0.7368909845121634, 0.7368909845121634, 0.7287951547201748, 0.7287951547201748, 0.7287951547201748, 0.7287951547201748, 0.7287951547201748, 0.7162637904551182, 0.7162637904551182, 0.7162637904551182, 0.7162637904551182, -0.7140219617261343, -0.7140219617261343, -0.7140219617261343, -0.7140219617261343, -0.7140219617261343, -0.7140219617261343, 0.7074940875663963, 0.7074940875663963, 0.7074940875663963, 0.7074940875663963, 0.7074940875663963, 0.7074940875663963, 0.7004412836182387, 0.7004412836182387, 0.7004412836182387, 0.7004412836182387, 0.7004412836182387, -0.6929926767890614, -0.6929926767890614, -0.6929926767890614, -0.6929926767890614, -0.6929926767890614, -0.6929926767890614, -0.6888622877537462, -0.6888622877537462, -0.6888622877537462, -0.6888622877537462, -0.6888622877537462, -0.6888622877537462, 0.6814961520555667, 0.6814961520555667, 0.6814961520555667, 0.6814961520555667, 0.6814961520555667, 0.6814961520555667, 0.08292089073460489, 0.07197253225316293, -0.0485844904891462, 0.019233070047053494, -0.0018824562748090312], "intercept": -0.006807825417486019, "n_features": 94}